name,width,height,seconds,fps
00004N.png,,,0.12337060179561377,8.105658766718873
00008N.png,,,0.1177090285345912,8.49552504552469
00012N.png,,,0.1174981202930212,8.510774449039378
00016N.png,,,0.10932078212499619,9.14739156235281
00020N.png,,,0.10956152528524399,9.127291696574092
00024N.png,,,0.10926401987671852,9.152143597940931
00028N.png,,,0.10937921889126301,9.142504491590202
00032N.png,,,0.10940781142562628,9.140115198079657
00036N.png,,,0.10930909402668476,9.148369665893288
00040N.png,,,0.10946478229016066,9.135358231922286
00047N.png,,,0.10944039560854435,9.13739387032997
00051N.png,,,0.1095203123986721,9.130726329193019
00055D.png,,,0.10959954746067524,9.12412526483108
00081D.png,,,0.10947889927774668,9.134180253886292
00085D.png,,,0.10952638648450375,9.130219959749008
00091D.png,,,0.10932434629648924,9.14709334083723
00095D.png,,,0.10952830780297518,9.130059799689851
00099D.png,,,0.10935654863715172,9.144399786409041
00103D.png,,,0.10961285326629877,9.123017695475472
00107D.png,,,0.10944658517837524,9.136877120197102
00111D.png,,,0.10956183914095163,9.127265550129156
00115D.png,,,0.10961943492293358,9.122469940691047
00119D.png,,,0.10960535425692797,9.123641876617462
00123D.png,,,0.10951834358274937,9.130890472648764
00127D.png,,,0.10974099580198526,9.112364916064571
00131D.png,,,0.10945644602179527,9.13605398626662
00135D.png,,,0.10942430328577757,9.138737647598758
00139D.png,,,0.10943232476711273,9.1380677704521
00143D.png,,,0.10979654174298048,9.107754981398875
00147D.png,,,0.10931370407342911,9.147983855055097
00151D.png,,,0.10940627101808786,9.140243888164989
00158D.png,,,0.1094974847510457,9.132629870664221
00162D.png,,,0.10945109650492668,9.13650051879551
00169D.png,,,0.1095926957204938,9.124695705546007
00174D.png,,,0.10958296339958906,9.125506091248395
00178D.png,,,0.10934022162109613,9.145765256132055
00182D.png,,,0.10945681668817997,9.136023047781437
00186D.png,,,0.10923441499471664,9.154624026213416
00191D.png,,,0.11089942883700132,9.017178992596872
00196D.png,,,0.10944095905870199,9.137346827010347
00200D.png,,,0.10955282766371965,9.128016330802273
00204D.png,,,0.10950811114162207,9.1317436633232
00209D.png,,,0.10944446176290512,9.137054391718321
00213D.png,,,0.10949670895934105,9.132694575974204
00218D.png,,,0.10947832837700844,9.134227886238078
00225D.png,,,0.11014814395457506,9.078682255530321
00229D.png,,,0.10934641398489475,9.145247325057603
00233D.png,,,0.10929998476058245,9.149132108210837
00237D.png,,,0.10967068839818239,9.118206647607524
00241D.png,,,0.10956074949353933,9.127356326263255
00245D.png,,,0.10936096496880054,9.144030507460215
00258D.png,,,0.10959961172193289,9.124119915106247
00262D.png,,,0.10941247642040253,9.139725493074815
00266D.png,,,0.10965800378471613,9.11926138983188
00270D.png,,,0.10975375957787037,9.111305196707173
00275D.png,,,0.10947213228791952,9.134744880733013
00279D.png,,,0.10946381837129593,9.135438676257838
00283D.png,,,0.10952202789485455,9.13058331023636
00287D.png,,,0.10945854056626558,9.135879163258217
00291D.png,,,0.10937603935599327,9.142770262006245
00298D.png,,,0.10948509816080332,9.133663090215954
00303D.png,,,0.10950057953596115,9.13237175764526
00307D.png,,,0.10946703422814608,9.135170300821768
00311D.png,,,0.10949954763054848,9.132457819588447
00315D.png,,,0.10931395925581455,9.147962500011715
00319D.png,,,0.1095166876912117,9.131028531647658
00323D.png,,,0.10962419118732214,9.122074144120559
00327D.png,,,0.10951003432273865,9.131583294485008
00332D.png,,,0.10963297262787819,9.12134347934039
00337D.png,,,0.10945961996912956,9.135789072555028
00341D.png,,,0.10946501046419144,9.135339189750713
00345D.png,,,0.10948246996849775,9.133882349272334
00349D.png,,,0.10958421882241964,9.125401547283849
00353D.png,,,0.1094761360436678,9.134410805302084
00357D.png,,,0.10954624973237514,9.1285644414394
00361D.png,,,0.10944446176290512,9.137054391718321
00367D.png,,,0.1093847593292594,9.142041415384908
00371D.png,,,0.10951810143887997,9.130910660993166
00375D.png,,,0.10947636887431145,9.134391378545706
00379D.png,,,0.10952022206038237,9.130733860717198
00383D.png,,,0.10952004976570606,9.130748224998792
00388D.png,,,0.1094718910753727,9.134765008411959
00392D.png,,,0.10959560796618462,9.124453238204097
00396D.png,,,0.11132138036191463,8.983000361196751
00400D.png,,,0.1099204421043396,9.097488882466209
00404D.png,,,0.10939392726868391,9.141275251448706
00408D.png,,,0.10957117471843958,9.126487897657917
00412D.png,,,0.1094570467248559,9.136003847369622
00416D.png,,,0.1094417842105031,9.137277934692426
00420D.png,,,0.10945349000394344,9.136300724298252
00427D.png,,,0.10944495443254709,9.137013261002526
00431D.png,,,0.10950998961925507,9.131587022122872
00435D.png,,,0.10960164852440357,9.123950355339254
00440D.png,,,0.10975622944533825,9.111100163093965
00444D.png,,,0.1095521217212081,9.128075150792911
00448D.png,,,0.10966427437961102,9.118739951156982
00453D.png,,,0.10965679865330458,9.119361610780203
00457D.png,,,0.10967040900141001,9.118229877187229
00462D.png,,,0.1094734575599432,9.134634296650773
00466D.png,,,0.10942297801375389,9.138848331054428
00481D.png,,,0.10958733968436718,9.125141671293365
00486D.png,,,0.1094980537891388,9.132582410329478
00491D.png,,,0.10939287394285202,9.141363271271311
00496D.png,,,0.1095562307164073,9.127732794938504
00500D.png,,,0.11005611624568701,9.08627374936274
00504D.png,,,0.10950695909559727,9.131839732002978
00508D.png,,,0.1094152545556426,9.13949342860099
00512D.png,,,0.1093168230727315,9.147722847147437
00516D.png,,,0.10980858281254768,9.106756269745167
00521D.png,,,0.10929568763822317,9.149491819934141
00526D.png,,,0.10940762050449848,9.140131147984187
00533D.png,,,0.10941333416849375,9.139653842008192
00537D.png,,,0.10945653542876244,9.136046523698255
00546D.png,,,0.10947581753134727,9.13443738123865
00551D.png,,,0.10953647084534168,9.129379395579893
00555D.png,,,0.10962281189858913,9.122188919265172
00559D.png,,,0.10967219807207584,9.118081132492728
00563D.png,,,0.1095284279435873,9.13004978502066
00567D.png,,,0.10934086423367262,9.145711505104785
00571D.png,,,0.1091957576572895,9.157864934080099
00581D.png,,,0.10955918952822685,9.127486286692179
00587D.png,,,0.1092949416488409,9.149554269519163
00591D.png,,,0.10935256350785494,9.144733035254072
00596D.png,,,0.10923487320542336,9.154585625045165
00600D.png,,,0.10939502064138651,9.14118388695361
00606D.png,,,0.10931004490703344,9.148290084872666
00613D.png,,,0.10931054130196571,9.148248541168071
00621D.png,,,0.1092948466539383,9.149562221961967
00626D.png,,,0.10963611211627722,9.121082284817122
00630D.png,,,0.10931270942091942,9.148067093913124
00634D.png,,,0.10919143538922071,9.158227441881573
00638D.png,,,0.10939874593168497,9.140872607666445
00642D.png,,,0.1097009526565671,9.115691120118422
00646D.png,,,0.10923875402659178,9.15426039880107
00650D.png,,,0.10923574026674032,9.154512960301474
00655D.png,,,0.10940143745392561,9.14064772157267
00659D.png,,,0.10925561469048262,9.152847685063742
00671D.png,,,0.10924109630286694,9.154064119125431
00676D.png,,,0.1092521296814084,9.153139649690248
00681N.png,,,0.10916879121214151,9.16012707383337
00686N.png,,,0.10944670997560024,9.136866701821711
00690N.png,,,0.10950098838657141,9.132337659544216
00695N.png,,,0.10926397424191236,9.15214742039295
00702N.png,,,0.10932510253041983,9.147030067698761
00706N.png,,,0.10947253741323948,9.134711075757536
00710N.png,,,0.10924263298511505,9.153935351743636
00714N.png,,,0.10923219565302134,9.154810026674953
00718N.png,,,0.10919525939971209,9.157906721384983
00722N.png,,,0.10972224734723568,9.11392196365903
00726N.png,,,0.10936515033245087,9.143680568811687
00730N.png,,,0.10948857013136148,9.133373454418361
00734N.png,,,0.1093033580109477,9.148849753544086
00738N.png,,,0.10939230117946863,9.141411134220528
00742N.png,,,0.10927973594516516,9.150827382139578
00746N.png,,,0.10915416944772005,9.161354120136979
00750N.png,,,0.10946844704449177,9.13505240093125
00754N.png,,,0.10954723507165909,9.128482333176747
00758N.png,,,0.10919778794050217,9.157694664518873
00762N.png,,,0.10929881781339645,9.14922979045646
00766N.png,,,0.1094526331871748,9.136372245059663
00770N.png,,,0.10927078872919083,9.151576662252626
00774N.png,,,0.10926490277051926,9.152069645824183
00778N.png,,,0.10932644829154015,9.146917471729314
00782N.png,,,0.10940846428275108,9.14006065760724
00786N.png,,,0.10951285623013973,9.131347993504196
00790N.png,,,0.10964683536440134,9.120190260636255
00794N.png,,,0.10953364148736,9.129615216119683
00798N.png,,,0.10947047080844641,9.134883522606016
00802N.png,,,0.10967755038291216,9.11763616627784
00806N.png,,,0.10932145267724991,9.147335454389756
00810N.png,,,0.10921104624867439,9.156582913078154
00815N.png,,,0.10921151097863913,9.15654394888458
00819N.png,,,0.10945828910917044,9.135900150993862
00823N.png,,,0.10933486092835665,9.146213673379668
00828N.png,,,0.10935218073427677,9.14476504524383
00832N.png,,,0.10931742191314697,9.147672735956974
00838N.png,,,0.10936574637889862,9.1436307354909
00842N.png,,,0.10928643960505724,9.150266067902216
00846N.png,,,0.10934683587402105,9.1452120402652
00850N.png,,,0.10941076092422009,9.1398687985784
00854N.png,,,0.10940536949783564,9.140319205446154
00858N.png,,,0.10928790271282196,9.150143567378361
00862N.png,,,0.10937510896474123,9.14284803430336
00866N.png,,,0.10937802214175463,9.14260452345713
00870N.png,,,0.10943575762212276,9.13778112134938
00874N.png,,,0.10937445051968098,9.142903075157015
00878N.png,,,0.10933002177625895,9.146618501974453
00882N.png,,,0.10928566940128803,9.150330555491973
00886N.png,,,0.10949600115418434,9.132753611630733
00890N.png,,,0.10938316397368908,9.14217475223645
00894N.png,,,0.10933603625744581,9.146115354368352
00898N.png,,,0.10936528444290161,9.14366935626715
00902N.png,,,0.10964120645076036,9.120658485722682
00906N.png,,,0.10937527194619179,9.142834410432
00910N.png,,,0.1092750784009695,9.151217410530156
00914N.png,,,0.10922847595065832,9.155121787579725
00918N.png,,,0.10933102946728468,9.146534198685394
00922N.png,,,0.10922758840024471,9.155196179335949
00927N.png,,,0.10924436338245869,9.15379035620404
00931N.png,,,0.1093233348801732,9.147177966132089
00935N.png,,,0.10944949928671122,9.136633849556722
00939N.png,,,0.10939612798392773,9.141091356971227
00943N.png,,,0.10952052101492882,9.13070893685476
00947N.png,,,0.10944629274308681,9.136901533498174
00951N.png,,,0.10946568939834833,9.13528253004442
00955N.png,,,0.10920163337141275,9.15737218507378
00959N.png,,,0.10941051505506039,9.13988933784613
00964N.png,,,0.10924000572413206,9.15415550714395
00968N.png,,,0.10934585705399513,9.145293904516187
00972N.png,,,0.10906820092350245,9.168575180784119
00976N.png,,,0.10943121835589409,9.138160161461265
00980N.png,,,0.10935657192021608,9.144397839478508
00984N.png,,,0.10941301379352808,9.139680604055815
00988N.png,,,0.10935827810317278,9.144255170665378
00992N.png,,,0.1095228074118495,9.130518324275606
00996N.png,,,0.10961184184998274,9.123101875877817
01000N.png,,,0.10974732786417007,9.111839162386353
01004N.png,,,0.1093187378719449,9.147562617960263
01008N.png,,,0.10947799030691385,9.134256092905709
01012N.png,,,0.10948274563997984,9.133859350663103
01016N.png,,,0.1094457833096385,9.136944062713228
01020N.png,,,0.1094696270301938,9.134953933150618
01024N.png,,,0.10950192622840405,9.132259444588719
01028N.png,,,0.10954922158271074,9.128316801822185
01033N.png,,,0.10946783795952797,9.13510322885628
01037N.png,,,0.10937249008566141,9.1430669560215
01041N.png,,,0.10938415583223104,9.142091854086795
01045N.png,,,0.109618348069489,9.122560388942208
01049N.png,,,0.10959100909531116,9.124836136240896
01053N.png,,,0.109308410435915,9.148426877786106
01057N.png,,,0.10943172313272953,9.138118009775848
01061N.png,,,0.10955095384269953,9.128172461518371
01066N.png,,,0.10935953352600336,9.144150196674179
01070N.png,,,0.10933358315378428,9.146320564592124
01074N.png,,,0.10948377475142479,9.133773495391711
01078N.png,,,0.10968182981014252,9.117280425855258
01082N.png,,,0.10942814592272043,9.138416735180845
01086N.png,,,0.10934153944253922,9.145655028256819
01090N.png,,,0.10951992217451334,9.130758862360775
01094N.png,,,0.1094187255948782,9.13920350071057
01098N.png,,,0.10952987428754568,9.129929222549167
01102N.png,,,0.10929227154701948,9.149777800800692
01106N.png,,,0.10944339167326689,9.137143729841702
01110N.png,,,0.10962112434208393,9.122329350312059
01114N.png,,,0.10939597897231579,9.141103808331605
01118N.png,,,0.10940360091626644,9.140466964751589
01122N.png,,,0.10950971115380526,9.131610242268929
01126N.png,,,0.10943211708217859,9.138085113066442
01130N.png,,,0.1093937112018466,9.141293306658744
01135N.png,,,0.10933444369584322,9.146248576358001
01139N.png,,,0.10953584033995867,9.129431945711746
01144N.png,,,0.10940099135041237,9.140684994315919
01148N.png,,,0.10962009243667126,9.122415223082493
01152N.png,,,0.10928228497505188,9.1506139373668
01158N.png,,,0.10941157955676317,9.139800412818243
01162N.png,,,0.10935054160654545,9.144902122187043
01166N.png,,,0.10938415583223104,9.142091854086795
01170N.png,,,0.10960990469902754,9.123263109714864
01174N.png,,,0.1093964260071516,9.141066454352236
01178N.png,,,0.10939499642699957,9.141185910338326
01182N.png,,,0.10929848812520504,9.149257388212606
01186N.png,,,0.10962117742747068,9.122324932713262
01190N.png,,,0.10983962286263704,9.104182752435134
01194N.png,,,0.10962253622710705,9.122211859140728
01198N.png,,,0.10958419740200043,9.125403331025767
01202N.png,,,0.10961433965712786,9.122893985659049
01206N.png,,,0.10957592260092497,9.126092450455522
01210N.png,,,0.10949178133159876,9.1331055887334
01214N.png,,,0.10939840134233236,9.140901400110717
01218N.png,,,0.10960594099014997,9.123593036712013
01222N.png,,,0.10939411912113428,9.14125921972716
01226N.png,,,0.10935009457170963,9.144939507521137
01230N.png,,,0.10935267619788647,9.144723611431173
01234N.png,,,0.10950933955609798,9.13164122853406
01238N.png,,,0.1093308562412858,9.146548690637415
01242N.png,,,0.10930921696126461,9.148359377181938
01246N.png,,,0.10948642529547215,9.133552376938873
01250N.png,,,0.10939734987914562,9.140989257095612
01254N.png,,,0.10935608763247728,9.144438335804303
01258N.png,,,0.10934239905327559,9.145583128396183
01262N.png,,,0.10942254029214382,9.138884889074328
01266N.png,,,0.10953754652291536,9.129289743501777
01270N.png,,,0.10933174658566713,9.146474205609143
01274N.png,,,0.10937369894236326,9.142965901948427
01278N.png,,,0.1093167057260871,9.147732666822964
01282N.png,,,0.10951145086437464,9.131465176536272
01286N.png,,,0.10962684825062752,9.12185304929877
01290N.png,,,0.10937968362122774,9.142465647120652
01294N.png,,,0.10948969889432192,9.133279295664037
01298N.png,,,0.10944943595677614,9.136639136221048
01302N.png,,,0.10933422297239304,9.146267040764544
01306N.png,,,0.10932047665119171,9.147417122875295
01310N.png,,,0.10937736183404922,9.1426597170741
01315N.png,,,0.10935943387448788,9.144158529091351
01319N.png,,,0.10950228292495012,9.132229696849086
01323N.png,,,0.10979518108069897,9.107867851367761
01327N.png,,,0.10941068362444639,9.139875255989745
01331N.png,,,0.10945124737918377,9.13648792448744
01335N.png,,,0.1095342943444848,9.129560800884926
01340N.png,,,0.10940842144191265,9.14006423656265
01344N.png,,,0.10967025253921747,9.118242885803564
01348N.png,,,0.1092911520972848,9.149871520339145
01352N.png,,,0.10943195316940546,9.138098800557422
01356N.png,,,0.10938611906021833,9.141927774670279
01360N.png,,,0.10941746085882187,9.139309139062098
01364N.png,,,0.10934643168002367,9.145245845116028
01368N.png,,,0.1093496149405837,9.144979619209092
01372N.png,,,0.10933724977076054,9.146013843375677
01376N.png,,,0.10944342240691185,9.137141163970448
01380D.png,,,0.1093853646889329,9.14199082156715
01384D.png,,,0.10935987159609795,9.144121928867378
01388D.png,,,0.10940831061452627,9.140073495177695
01392D.png,,,0.10970666259527206,9.115216672748335
01396D.png,,,0.10949874203652143,9.132525008063263
01401D.png,,,0.10958598740398884,9.12525427465009
01405D.png,,,0.10949158109724522,9.133122291035761
01409D.png,,,0.10959806200116873,9.124248930508791
01413D.png,,,0.10973520763218403,9.11284556322024
01417D.png,,,0.10948425531387329,9.133733404252192
01423D.png,,,0.10938096512109041,9.14235853462207
01427D.png,,,0.1094621978700161,9.13557391920339
01431D.png,,,0.10956647247076035,9.126879577754654
01435D.png,,,0.10938046779483557,9.142400102691965
01441D.png,,,0.10937910620123148,9.14251391083996
01445D.png,,,0.10947421472519636,9.134571118050157
01449D.png,,,0.10945187881588936,9.136435215352629
01453D.png,,,0.10947779100388288,9.134272721711499
01458D.png,,,0.10930885467678308,9.148389697768899
01462D.png,,,0.10933160781860352,9.146485814597554
01466D.png,,,0.10990342870354652,9.098897202719668
01470D.png,,,0.1094795661047101,9.134124618685142
01474D.png,,,0.10938756540417671,9.141806898298674
01478D.png,,,0.10949805099517107,9.13258264335774
01482D.png,,,0.10962218604981899,9.122240999149016
01486D.png,,,0.10946603212505579,9.135253928429448
01493D.png,,,0.1094298455864191,9.13827479734748
01498D.png,,,0.10943965800106525,9.137455455044151
01502D.png,,,0.10950147081166506,9.132297425665914
01506D.png,,,0.10937409661710262,9.142932658916534
01510D.png,,,0.10930557548999786,9.148664151093612
01514D.png,,,0.10929365828633308,9.149661706630308
01520D.png,,,0.10955626703798771,9.127729768788658
01527D.png,,,0.10934012569487095,9.145773279890323
01531D.png,,,0.10938516817986965,9.142007245037375
01535D.png,,,0.10937925055623055,9.142501844862359
01539D.png,,,0.10934597998857498,9.145283622721978
01543D.png,,,0.10949928313493729,9.132479879048049
01547D.png,,,0.10939741879701614,9.140983498481551
01551D.png,,,0.10958198178559542,9.125587835749931
01555D.png,,,0.1094313096255064,9.13815253991001
01559D.png,,,0.1094280956313014,9.138420935052393
01566D.png,,,0.1093595540151,9.144148483468792
01570D.png,,,0.10927893593907356,9.150894373253518
01574D.png,,,0.10934437997639179,9.145417443639142
01578D.png,,,0.10937754064798355,9.142644770358856
01583D.png,,,0.10938548389822245,9.14198085854288
01587D.png,,,0.1094481535255909,9.136746192489968
01591D.png,,,0.1094486154615879,9.136707630175186
01595D.png,,,0.10945924185216427,9.135820631304945
01599D.png,,,0.10937224235385656,9.143087665375447
01603D.png,,,0.10945931263267994,9.135814723739113
