image_names,VIF,SCD,MI,Qabf,SSIM,MS_SSIM,FMI
00004N.png,1.03713030379038,1.78308366477167,4.74323705693193,0.635556300520611,0.980079472022383,0.970587547678387,0.967036525766674
00008N.png,1.10361366575418,1.63967973922791,5.56774088565538,0.692700649413072,0.982011877029001,0.979166613705874,0.958158349358382
00012N.png,1.02079421633693,1.67881295321456,4.78617140649518,0.656037825353504,0.979017838120146,0.967765834437548,0.952258169267069
00016N.png,1.04276753524298,1.67395437018813,4.15763057270177,0.659975163681787,0.978713996443765,0.970363240993321,0.9475291860704
00020N.png,1.14438901787014,1.65160136806923,2.98652659124637,0.637128528019193,0.987166395252313,0.981685824005423,0.965194712872097
00024N.png,1.12694058756226,1.84959292925984,4.11008391377713,0.656257645611511,0.984037245388873,0.980029801158713,0.958565413014882
00028N.png,1.24190855096194,1.88606983770368,4.78025676834152,0.690966023120204,0.989350084670046,0.986720078391696,0.968952101348337
00032N.png,1.2690989213704,1.86950068521365,3.82891444774791,0.720242897852046,0.987604939185447,0.982787687180418,0.956035011002156
00036N.png,1.20667787914536,1.89685253431916,3.51523668136532,0.703479984024631,0.988244983794448,0.985162624232847,0.960284393939493
00040N.png,1.20835498950223,1.91911563518328,3.53179786584913,0.67535019242952,0.989146130228687,0.983118842091003,0.969636734649714
00047N.png,1.11967916905305,1.86275108195469,4.61436100961157,0.702071593485288,0.98240557625218,0.97308612301584,0.9576836684407
00051N.png,1.1643982293105,1.81901083136085,3.82696789716073,0.705990625051724,0.97896487584077,0.966257650837669,0.947066915337237
00055D.png,0.999693758995963,1.72440274293253,6.31614153325836,0.788119594070025,0.985959647090907,0.989106612084389,0.901179071507749
00081D.png,1.01801744398936,1.63151560523844,6.99538664819817,0.767422752953353,0.978769928009948,0.977974581457269,0.921357676693278
00085D.png,1.01305092817377,1.57089353759555,6.45327454900377,0.736573090071784,0.979950842792301,0.981377438981548,0.925254521693493
00091D.png,0.982293202701846,1.79943933694186,6.67213837507571,0.746208978596418,0.980559421679805,0.975536412698807,0.920270410147347
00095D.png,0.975050129853644,1.67929085441064,6.7961674625606,0.774820667967388,0.979074290658364,0.970261931023109,0.898569668699609
00099D.png,0.947546602151353,1.59721548894782,6.08234408234042,0.756998762762591,0.977944442111689,0.980530128766165,0.878031997511704
00103D.png,0.883997431381182,1.63161675377843,5.48014271790298,0.699528354956485,0.964221525647219,0.956134431891645,0.895540429933383
00107D.png,0.901932191083517,1.67729729020144,4.96575902047708,0.682651842352748,0.965064422009061,0.955026652897452,0.917104511506531
00111D.png,0.752647447610098,1.4678434455958,4.4522449054671,0.607265324315144,0.935002504022566,0.909267940183489,0.913060585563671
00115D.png,0.867603545375598,1.71654613687475,4.58248549297419,0.640096806115033,0.96131839861788,0.954270096870654,0.916323886394276
00119D.png,0.884549938610344,1.86433707236153,4.19516462508275,0.665983936142706,0.970040247784247,0.952954611202459,0.929225651079014
00123D.png,1.02913077406917,1.77563365993453,6.247357950958,0.741090739563506,0.980076354719231,0.980166592134321,0.92053538398565
00127D.png,0.993005114594434,1.63345206023099,6.45821967094939,0.744720682910465,0.975892503710894,0.974463871342571,0.932255740501237
00131D.png,0.972013444526545,1.82631126316997,5.76366413419356,0.709801589596442,0.967306562607438,0.963391525936472,0.925315928807657
00135D.png,0.981191241392253,1.75626854157007,5.38433979246553,0.683591060879234,0.976252754493734,0.979711786626455,0.92933226627681
00139D.png,0.990592771223793,1.59164633011864,6.40414384037748,0.746385018171046,0.973754384800663,0.978563174816093,0.919371652344212
00143D.png,0.955758696556482,1.89819434504098,5.63428414789227,0.72628175108966,0.972418844030393,0.966614694601403,0.917129373371031
00147D.png,0.998625998198755,1.61401410507307,6.4869881204693,0.755466170790026,0.974226464275431,0.972447316135084,0.910299312589807
00151D.png,1.02563836684557,1.62925901613093,6.37267842625618,0.761484567022839,0.984771719985006,0.988054793264439,0.907877231004052
00158D.png,0.946537855802852,1.64542731931881,4.8960639685184,0.662975487101374,0.982505612790526,0.983972099049974,0.907864979496146
00162D.png,1.09339132938805,1.23203886934318,7.51454126875559,0.85052346102781,0.98791232561644,0.980794365538778,0.902131586545671
00169D.png,0.996282190548909,1.57316562312763,6.12188448258686,0.703539363387725,0.969169597763482,0.960620702949999,0.913998414145066
00174D.png,1.00777225317301,1.60200476534867,6.53210413778217,0.743136458963989,0.970059307486815,0.959182613509336,0.925377558143008
00178D.png,0.984871693118544,1.52930684941272,6.49387401505291,0.732524764714807,0.97029832003209,0.967121471609089,0.922025022249389
00182D.png,1.01178759302531,1.53769895379265,7.30910081987577,0.755565452408191,0.972611101372858,0.970208578835543,0.920690459600765
00186D.png,0.961887940618062,1.66690310112216,6.57846428192612,0.745532860709111,0.959234598132312,0.944484103075674,0.907004254851905
00191D.png,0.929098532741543,1.68763302959127,6.1179264580516,0.718278531520295,0.962136129936169,0.956139762434255,0.90801525520019
00196D.png,0.771760957324125,1.78784764294682,3.39196875702135,0.616949845878704,0.949337858469787,0.925991878646113,0.919831819271051
00200D.png,0.989869884730536,1.54559558128961,3.03672178454956,0.643316211784635,0.974844587063462,0.957330451796968,0.939332315730337
00204D.png,0.943480511262415,1.62634013969544,5.2250924404733,0.680255552180398,0.970168899481413,0.958969649274399,0.942333369049329
00209D.png,0.962620802065616,1.75239525637203,5.51891762795928,0.696423118202547,0.967837530806789,0.956246930142586,0.93841080790264
00213D.png,0.975834576802159,1.67404122529805,5.27307970716102,0.704956632328775,0.975648427719306,0.96692889903548,0.940273003120629
00218D.png,0.984754896416095,1.77668554690384,5.75928727641325,0.696871172994212,0.976669114355297,0.968897638369348,0.93079520885333
00225D.png,0.988275928555043,1.68898730163448,5.78315446258554,0.698440620438443,0.975133626608296,0.97036320109313,0.929111486584177
00229D.png,1.03144438461029,1.68467790139158,5.87200126134725,0.693222748446147,0.981269073373536,0.977849716664756,0.935405971279698
00233D.png,0.970128609675915,1.78457373110371,5.24576778826357,0.670606223052688,0.970106972552119,0.967299896668061,0.928883347170593
00237D.png,1.01875636112378,1.80542618835957,6.74248576213381,0.784831736062285,0.984762306455653,0.987375469990978,0.918654061372617
00241D.png,1.03459528355483,1.7626302386763,7.09545236408131,0.818281561272789,0.9910762878825,0.991156891448176,0.913912227429115
00245D.png,1.04385937126932,1.69606379932924,7.41617423276312,0.837004249958122,0.990272479397962,0.991455755428981,0.916026980778426
00258D.png,1.0724765958425,1.41948447516993,7.54123529512473,0.817758531031727,0.987992644722988,0.984104361858236,0.929684318337642
00262D.png,1.09284895938087,1.49128186291901,7.42524527498166,0.829506744084361,0.991887033970971,0.990164647429402,0.925134415785719
00266D.png,1.04702452210163,1.61553043383339,5.81255298487844,0.733156041475809,0.982779294199203,0.982256367178635,0.921358917346285
00270D.png,1.04073225845047,1.8550752996439,7.20710226381124,0.787041114388342,0.987371221628318,0.988791186474601,0.91728828188397
00275D.png,0.976693855104517,1.40942506406183,6.9435480614649,0.750984004992337,0.968480228730268,0.953962086958519,0.907128528651379
00279D.png,0.963312836106766,1.55134711373131,6.98238045687268,0.759466585693204,0.974251145486169,0.966677132037194,0.920035045303931
00283D.png,0.965923233037954,1.56979619757885,6.79929003546946,0.751587706111855,0.976825817520696,0.968018948677492,0.915160002105171
00287D.png,0.89193816068026,1.70729401918066,5.90437468357726,0.720914237583038,0.972422578058723,0.963192235362803,0.910482391442333
00291D.png,0.917262429811547,1.74410886311991,5.86725697089068,0.708514025270053,0.967841700363972,0.958160103004719,0.923359079043267
00298D.png,0.95977270310612,1.76773576964525,5.8882576760133,0.727980951860578,0.972993786945392,0.962981622317094,0.933254405325734
00303D.png,1.02437863628059,1.85189381949503,5.95386095302938,0.737693621857377,0.974106910313871,0.964732436731267,0.930323859378472
00307D.png,1.06191591137508,1.91398625949971,6.28891903057053,0.763336817070201,0.967179249046355,0.964665582374444,0.915390044071341
00311D.png,1.01148677243616,1.6018080841831,7.05143809527929,0.768913593618427,0.979626116344849,0.971853269188158,0.923309770578981
00315D.png,0.992781110285039,1.70209675934661,6.59382296331759,0.742709289409656,0.97397164440886,0.966649678861988,0.919096543083578
00319D.png,0.942510281472213,1.7681544006446,5.79184828562252,0.702859026651155,0.963427308633573,0.951106579180242,0.917890123926375
00323D.png,0.986231571812908,1.67559568263386,6.48089042433667,0.730508740601765,0.973850092807685,0.969568041942437,0.924157208691623
00327D.png,1.02758497493894,1.43652989511183,6.98351506587282,0.782948507607867,0.981968655997605,0.977356105500404,0.919854674358827
00332D.png,0.941415908941767,1.59679209400625,5.88934100153187,0.716812065206553,0.963547410698409,0.950613147531009,0.906753930114154
00337D.png,0.850345536321543,1.59124686516642,4.73016962493457,0.633083514836209,0.951478977706842,0.936867205805975,0.913791598613217
00341D.png,0.967090278886626,1.68475276054206,5.99886263588379,0.694616712982975,0.963393487182333,0.955117658156675,0.924986577580064
00345D.png,0.91554789122153,1.7530148076809,5.84895691478664,0.682813121147529,0.960992698897976,0.949827207638695,0.914916031134991
00349D.png,0.934826824483238,1.52730281889736,5.08820559773666,0.679479481148946,0.970828131708498,0.95887043511314,0.933342994844853
00353D.png,0.980663481114897,1.57286148825062,6.18378512877101,0.709617211039667,0.975586750115612,0.969409845800521,0.924694816156477
00357D.png,0.628920105021239,1.60751364466501,3.19280682646914,0.550245773932661,0.942851219368214,0.914409180138785,0.899310729597056
00361D.png,0.970669357276769,1.53898494561672,6.5209454730251,0.707901589235978,0.975125608266551,0.971925218559009,0.921041813717413
00367D.png,1.00698572429597,1.48235751846124,7.06768690866253,0.759972142168673,0.983752915870682,0.983154331603341,0.916601537566732
00371D.png,1.00959687477887,1.64164244215608,7.07711457293674,0.769865391146377,0.984040454440318,0.984452119453842,0.910741318726999
00375D.png,0.985533626386121,1.7584847426852,6.68303371473834,0.739487082519178,0.976414506838174,0.973951180376812,0.909189507583201
00379D.png,1.06103198652277,1.45623029502692,7.00711287439279,0.781611247795224,0.987984287355043,0.985661890378049,0.915461669087942
00383D.png,1.03430025253773,1.55676647832033,7.16896720727668,0.776473904550949,0.985297848111722,0.984041571678837,0.92066473498616
00388D.png,1.01527742520837,1.51571180614614,7.0567040478865,0.788467289756387,0.986409749833978,0.983728727899709,0.926428129385312
00392D.png,0.986220421542777,1.54294980459252,6.90730045887333,0.779666022994821,0.982819150970756,0.981828749797955,0.918895001576418
00396D.png,0.982552838101395,1.50022285092857,6.99973316860824,0.791213947931852,0.985574684118209,0.98555701587829,0.916948612260593
00400D.png,0.979033849168568,1.51128234460573,6.64327007233727,0.767503787627344,0.974398076734027,0.974971019145515,0.925328128842646
00404D.png,1.01727710490046,1.69556940192396,6.66453678551875,0.781494671198196,0.981740666544478,0.980783044478142,0.92640908639251
00408D.png,0.983480900982577,1.58598215961668,6.29562451931075,0.742073447920423,0.984255051420989,0.984105211116937,0.915284603141686
00412D.png,0.992228422245223,1.52906993682566,7.0900702084441,0.79000611081868,0.982963168745888,0.985623692701588,0.922130769078805
00416D.png,0.769108836610751,1.71515172506921,3.87261969288847,0.631874613239309,0.963394053479294,0.954907904388367,0.916033516869171
00420D.png,0.970063359577693,1.72919326587678,6.74934166782358,0.775922432806768,0.981520752192813,0.982399007014983,0.922591664194005
00427D.png,0.64824832760621,1.63476494855447,2.89139681474036,0.580263450818369,0.947606632876094,0.911494198851206,0.910848110653863
00431D.png,1.02588371221266,1.48507341545187,6.78136573811179,0.730704327395368,0.979491234251728,0.980104469650112,0.923218407864089
00435D.png,0.99848684332597,1.44991543822932,6.85064229651786,0.744882755945465,0.981700329134285,0.984323374496889,0.908154821219732
00440D.png,0.946083051945092,1.60970071465755,5.96476210784365,0.690918068864536,0.970118077373829,0.968512153135825,0.911517807992621
00444D.png,0.884834338493291,1.51829289807909,5.22365026283329,0.671000398852833,0.97057018561578,0.971226275481579,0.910900416306044
00448D.png,1.01630869875242,1.32129932734175,7.23684529264406,0.796261633068058,0.984842122256469,0.990134877564786,0.909883731315258
00453D.png,0.954298221041895,1.681991767494,6.26083649826542,0.733050662760671,0.967969976723317,0.955197653547885,0.904647830050474
00457D.png,0.950431988239692,1.68894963231514,6.10056405568458,0.731925105870589,0.966017983222654,0.959489014391493,0.899313417675915
00462D.png,0.978622284087529,1.74046108968101,6.00307193851839,0.730709868056698,0.97339614003988,0.96544376858379,0.902989945041257
00466D.png,1.04442089048105,1.79549813811134,6.38701116331893,0.755385843477454,0.973462716652306,0.973090883589748,0.913624840903691
00481D.png,0.893274138381365,1.7420917439377,4.80390971042615,0.676894520793673,0.975609680333609,0.973793802094071,0.918878028550163
00486D.png,0.932581633940385,1.55217467891838,5.3432108891086,0.67037875199949,0.969343518258494,0.962828839577609,0.92076662245903
00491D.png,0.924092221212823,1.63006234702975,5.46977745050935,0.679634689460107,0.973022203094008,0.965534174141446,0.898008970815618
00496D.png,0.93275146508762,1.6370824925722,5.05599065030625,0.640009609309785,0.974211196214356,0.968180630705622,0.905744892614668
00500D.png,0.914850451279339,1.86515533315355,5.12037775999195,0.695740293014813,0.978471351552481,0.976349013863679,0.919415177882742
00504D.png,0.784422299296987,1.55291120976877,3.12927017980668,0.665342836559152,0.966667524134256,0.949257527124064,0.875669539051885
00508D.png,0.965860633240094,1.62187635436673,5.45423745799189,0.698322582450993,0.987327342078083,0.986764899067024,0.918681211466906
00512D.png,0.948003366514192,1.79753111887117,5.7007121684549,0.64419847066065,0.979410009986785,0.970373444291681,0.942351919886272
00516D.png,0.893784726805946,1.83880409722168,4.98350167165641,0.649620157653984,0.978488329370843,0.971802711511135,0.923363840650207
00521D.png,0.933130077913133,1.76146621551417,5.06412187882717,0.657799031192663,0.983339231548203,0.974768394104637,0.933741684959428
00526D.png,0.958646813061313,1.7364006026274,4.10805934476899,0.671895185316776,0.97656468691198,0.96160818750414,0.914881338174458
00533D.png,1.00266949977987,1.61096879450665,5.2499627095264,0.698061540981276,0.981751896293271,0.977233348715638,0.919890569197858
00537D.png,0.971241786890103,1.90684210687071,5.48856192849396,0.679323465764647,0.977067174456135,0.976952361954537,0.93341650661821
00546D.png,0.934895580642792,1.8489458691576,5.35681890788002,0.637932502890287,0.977869496564596,0.974010697279042,0.945596478306271
00551D.png,0.857701906648822,1.72648563625048,4.17399839987043,0.626727518389004,0.981984613251229,0.97668622679223,0.928035625501044
00555D.png,0.970730728755189,1.6951065031106,3.76976828093408,0.674450569771979,0.976452819064504,0.964366233350983,0.906370689044843
00559D.png,1.00604551842195,1.85132873517901,4.70208433405595,0.634391531186751,0.980551407289062,0.975764653780231,0.942598884601788
00563D.png,0.896130464064752,1.80151673474463,5.46309203548369,0.655611679988587,0.97689670543637,0.966108332107161,0.925924648284254
00567D.png,0.972670341730851,1.92813080203092,4.76882247742571,0.68030785618294,0.97548719444341,0.960518090799426,0.915344920339642
00571D.png,0.942012125236489,1.87457023522723,4.93941654978127,0.676241026870543,0.975083312560745,0.968818923768021,0.904651118245266
00581D.png,0.968895096332311,1.87531948174785,4.94343466097275,0.607139126630446,0.98366373176058,0.970268797433379,0.945172053564624
00587D.png,0.877342136188209,1.77042459786589,3.88371670676823,0.561013662098425,0.975772306605211,0.970775029872482,0.924412572595665
00591D.png,0.908237681774239,1.83407996303569,4.65637731636829,0.679543091566578,0.982046582618585,0.980427359530241,0.915584622971413
00596D.png,0.931330525457455,1.73818762557089,4.80785960516126,0.681698418931712,0.982172361998424,0.984159275711134,0.915626665741955
00600D.png,0.912023883809585,1.68197827561019,4.99891896376395,0.658607699044375,0.982024559078652,0.978686390706399,0.929120157438216
00606D.png,0.971532957829908,1.69587887070795,5.0403397823698,0.703839956188083,0.988187873301713,0.98818050617137,0.91470132814003
00613D.png,0.96926520752283,1.87275072549,5.21889021560802,0.695079523749449,0.980486062392889,0.980297333348189,0.917387582081545
00621D.png,0.913589784088186,1.79097992292427,5.15052214381158,0.67353205766265,0.982568230371289,0.983116166125027,0.927401598300953
00626D.png,0.985300945211392,1.54192605613248,5.91445146449989,0.722359608895106,0.985725236777083,0.98666841009177,0.924965835076206
00630D.png,1.00906818158973,1.76433795766416,3.31801442642508,0.684589884484331,0.977731045968151,0.967600437093321,0.894466482291095
00634D.png,0.876551379668532,1.82495207205331,3.88160555296372,0.665793326184801,0.975319010951706,0.955042410395807,0.934624850996531
00638D.png,0.991476840836373,1.81648329235147,5.45884332730031,0.66837422782035,0.979525085402468,0.976109971439874,0.94223597449133
00642D.png,0.87061208287802,1.26544821722115,4.25730917929534,0.583165771070923,0.977414296938809,0.968566077330256,0.869634865776551
00646D.png,0.957029393062527,1.49231858943556,6.16085650396184,0.729542046365966,0.982915083819335,0.978779753294904,0.907145763232872
00650D.png,0.90537700923187,1.76698321056816,4.45802126322254,0.645021066073004,0.977041740962884,0.966774720330672,0.922064759751907
00655D.png,0.918463123028729,1.65279193296164,5.03287500197574,0.65177973888523,0.970781054142306,0.965682554132299,0.91785101661377
00659D.png,0.99595074605152,1.54205202805274,3.73680329785304,0.680487604563525,0.984119732713115,0.976425710200005,0.882109145989713
00671D.png,0.974197885181537,1.60092436487911,5.57889564299141,0.721656007954853,0.983189591330138,0.984371600986312,0.906819642267095
00676D.png,0.937713126027681,1.66967709764128,5.28696065893605,0.695276831003062,0.975073032065388,0.974637599740537,0.907685075197089
00681N.png,1.26880364217006,1.92921657677069,4.36839961902985,0.721686125066097,0.986116873949652,0.984530056179184,0.963224704966634
00686N.png,1.21923973683632,1.81645566026051,4.27087543694553,0.716870535961517,0.985272919922588,0.977907618662726,0.954098654105915
00690N.png,1.1802581011588,1.79556488354904,3.58782786583651,0.701435072208647,0.985799337014038,0.977625041894301,0.952002418952307
00695N.png,1.11528226194028,1.71419498687028,4.5331462899197,0.662573157856782,0.976408657389273,0.973085226265214,0.948139125594593
00702N.png,1.12987664019337,1.62125432616624,5.70578164945263,0.68044431536314,0.98386176835532,0.98357290045499,0.955420625265389
00706N.png,1.18943756187612,1.81069789607647,4.48588054807241,0.657126342403351,0.98583628329609,0.983028458827938,0.965607573391911
00710N.png,1.12746280458484,1.81254537888266,4.07991345592797,0.646294226231496,0.984347650118758,0.979724742988204,0.961996762817699
00714N.png,1.09587789768922,1.84620936667136,4.22676008721596,0.655957543490218,0.980823048568517,0.973408052525435,0.955370835182876
00718N.png,1.27154872812041,1.90542955712655,3.37527204136863,0.663286463880011,0.99058273014396,0.988172355945251,0.965389738115752
00722N.png,1.26443711271619,1.70710308719076,4.90512237004899,0.703627278488604,0.990927483244566,0.990987415080948,0.935802067790123
00726N.png,1.22779159670184,1.90655432415024,3.46978147427795,0.676925201954179,0.988567185116029,0.986274445682787,0.961942044161463
00730N.png,1.12648645870406,1.82945055784793,3.77334885239277,0.658911662146631,0.987729357845651,0.981211115419326,0.968610748668828
00734N.png,1.13370827050896,1.55861311216193,3.89017046702362,0.666103986223236,0.985737450634398,0.978745892462068,0.958909590450858
00738N.png,1.15702472668467,1.78507056278808,3.57624463796016,0.678436721901278,0.985191948038246,0.976356337661518,0.95761379098586
00742N.png,1.0627999417847,1.62661066159997,3.86179761582602,0.633661563196516,0.980051820182356,0.975310570749027,0.947616264441826
00746N.png,1.1791574449853,1.77936013472811,3.62126134427079,0.677429807685059,0.988478339686959,0.982953843828175,0.965407668383097
00750N.png,1.10665926945592,1.8210741911943,4.75964140990937,0.724500080569062,0.985931716202139,0.984011032281578,0.951568861478585
00754N.png,1.11867814171502,1.69765989436386,4.658820717132,0.703683857814654,0.985751073442711,0.983604409045864,0.952350335483557
00758N.png,1.06397679976368,1.85588104995497,4.07690696461535,0.666999232352567,0.982851656662074,0.976679095014901,0.963038949652739
00762N.png,1.06293912613657,1.7945998928441,3.16386377285568,0.641664834069969,0.98398786223642,0.977882913512176,0.965896508205993
00766N.png,1.02322069894056,1.561780538682,3.58192657268275,0.67101168232447,0.980451470255913,0.968294495050139,0.955737725156695
00770N.png,1.16987303330321,1.78603299214186,4.23593495418627,0.743587171896439,0.988121976982521,0.97977572124787,0.958060881232165
00774N.png,1.18922435287384,1.85655642916525,3.38330845313438,0.678179802447741,0.987585026869655,0.980292836817905,0.96645168691823
00778N.png,1.14249518504753,1.75298064068786,4.43128878540226,0.749670407220922,0.985718853465435,0.973055240876104,0.954505107718373
00782N.png,1.10400596705151,1.82682047546885,4.39663985241255,0.742039827161861,0.9853022614608,0.974857205291774,0.959114922347883
00786N.png,1.13943844775974,1.649274173812,4.0946335857382,0.733837157874898,0.989249138204575,0.981314515802922,0.959498624072702
00790N.png,1.14262734512312,1.77261325602166,4.95454430932574,0.76652888637884,0.991333651618015,0.985792684747071,0.96252790898045
00794N.png,1.17655147187367,1.73701237014346,4.51853010987351,0.753906477365362,0.989448618797619,0.979301759880092,0.958985174732691
00798N.png,1.22939230527104,1.85036620668474,3.69375335353787,0.696676958851002,0.98983694327591,0.988278348369546,0.961194349230844
00802N.png,1.24059033422015,1.89150324126601,4.1569772746004,0.673773503378322,0.988383144444973,0.984799725056943,0.969586835526733
00806N.png,1.24533943951488,1.86709696051392,4.90750492584623,0.770403242298217,0.991480234153342,0.985402489779241,0.955421370316585
00810N.png,1.25808531166832,1.83383670431627,4.05409796799363,0.669295937435352,0.987747531996994,0.987130950899741,0.958202506249952
00815N.png,1.15427666306417,1.80985124441257,3.66865806323521,0.683789507320673,0.989467237040986,0.984117730389149,0.965892894419892
00819N.png,1.11462017327534,1.87706617173388,5.2389664144553,0.736136894274919,0.989939126597619,0.990706729806679,0.951390546859849
00823N.png,1.15244439810753,1.88053388730239,5.083781644609,0.705013134397844,0.990023273328379,0.991217831668545,0.96042622281761
00828N.png,1.11530672095518,1.83753567161401,4.6067047981515,0.687854610134682,0.978804380285398,0.973786340552327,0.948902646346021
00832N.png,1.11094829930319,1.61148557225442,5.72860994543274,0.728795956681162,0.9882247372719,0.987697335278248,0.96141284598265
00838N.png,1.0710905332733,1.65864022881341,5.01958698688773,0.635181002832502,0.973568611290855,0.964471743273268,0.958849875256345
00842N.png,1.30906777354938,1.78748031331144,3.27624234531988,0.699101720439944,0.990985508574396,0.984106088314543,0.934213373042651
00846N.png,1.23206501025658,1.7205946543856,4.7423402921187,0.688933647359182,0.99004714581786,0.988148219783478,0.956168789522795
00850N.png,1.2363323840565,1.8659940025188,3.97342448108553,0.728311267910251,0.98908770832363,0.986928217204424,0.951839531245113
00854N.png,1.16072036765899,1.85388485651332,4.87038206196023,0.781336825201299,0.990946844136632,0.986222488394611,0.947906447180525
00858N.png,1.08950457291794,1.81729840768869,3.40542013217221,0.727958243038612,0.986027041697215,0.972956466981495,0.966298683528999
00862N.png,1.14868105886297,1.89537003708452,4.16417534705987,0.785043462239715,0.98869544023438,0.977568918513685,0.96931135703238
00866N.png,1.10496248140305,1.78325582178348,3.76598426765749,0.766848678573947,0.986289635622013,0.971246133146067,0.959044412395256
00870N.png,1.1304092955735,1.75122781045373,4.18061928698189,0.766445223847758,0.986240274987916,0.969871920940328,0.95020738528248
00874N.png,1.14316088575189,1.89188498363955,4.80608708720245,0.807896281325646,0.989655433216016,0.979861351945348,0.947243144208025
00878N.png,1.09926324263619,1.80743805101495,3.96375684970567,0.730481837987526,0.985083297110615,0.972291133671294,0.953099084931746
00882N.png,1.01925798128576,1.70602394632401,3.27664056858954,0.662243712565256,0.978235707249312,0.965971711535803,0.953941315303492
00886N.png,1.11632307223575,1.83741605760574,3.58431288769702,0.678279432698859,0.981115682724096,0.970901311990869,0.941199439441308
00890N.png,0.97605457266779,1.92863660615449,4.32191630279128,0.601270299364023,0.976312034457396,0.973778111622546,0.951508133382871
00894N.png,1.00472694634449,1.89863834781647,3.95146088362849,0.653322693017032,0.971984601944185,0.967068654852815,0.960510321833337
00898N.png,1.13029680459822,1.69482809921464,3.51061916069635,0.68172431166403,0.983055555700896,0.973184441039255,0.950565940549485
00902N.png,0.924780513672182,1.73965367918706,3.52067581966095,0.613341882961429,0.972478332686319,0.965479682775917,0.949960342434342
00906N.png,0.972739134626988,1.7103314191732,3.527957482077,0.654769694715366,0.972169438879681,0.960303391382833,0.944887893084166
00910N.png,1.05639067346128,1.83835046585121,4.10830319388842,0.681057325644979,0.971090683254984,0.959559509959907,0.940599966834636
00914N.png,0.926381162842326,1.70159219888201,3.28248000071792,0.663036826379469,0.969207553658513,0.948466069906761,0.939390916002822
00918N.png,0.891820934876707,1.62251552954108,3.38814933414692,0.621034454593972,0.968029778549897,0.952150645397736,0.935379285378251
00922N.png,0.94173286563441,1.77173184948101,3.65179924085556,0.640512517229057,0.972622864671403,0.958018327294142,0.944407635747846
00927N.png,0.939655870872347,1.73682582322674,3.62180777077415,0.662751003186039,0.97041583041286,0.947933791545792,0.937354875414249
00931N.png,0.881891233254589,1.77139597254172,3.61677113440161,0.592816147023161,0.968431098169544,0.956350102045453,0.940528228928901
00935N.png,1.07004033970314,1.73864674777527,4.14367976109599,0.674587669157553,0.976030268399913,0.96592214719428,0.937177954395498
00939N.png,0.955317473817867,1.76903083722583,3.61057690504314,0.64045721894673,0.976025031961941,0.971685538036411,0.946827483424136
00943N.png,1.01018739198518,1.80631965369391,4.35119435799192,0.668074004879408,0.97510955647569,0.971345687002673,0.938271041844503
00947N.png,0.937151768160604,1.6133978823784,3.86291644652789,0.637307295369989,0.967999875280848,0.955597528521059,0.936787056596268
00951N.png,1.04380195973989,1.74158845268,4.02758458465412,0.717242536684202,0.981536423060454,0.966349853936734,0.954905331822484
00955N.png,1.0955732372321,1.7554357404739,4.82472964853976,0.750559133406551,0.986389148357526,0.976497550300933,0.94738281855034
00959N.png,1.11048859350766,1.78776555260375,4.79740630113145,0.763388223011064,0.98615368400116,0.981548119239053,0.943678253789382
00964N.png,1.27087089288734,1.92284197861088,3.88041524242535,0.842955009699211,0.995145959921522,0.993386933909347,0.966328033293088
00968N.png,1.19120232731491,1.59849872160875,3.51978858382009,0.687230799681857,0.986206459053365,0.980942378781434,0.950510948450066
00972N.png,1.10940453366796,1.7041901000757,3.20166610890234,0.670157304784499,0.979320588002423,0.967595302505508,0.94614293612662
00976N.png,1.11755797899187,1.64587753301747,4.16404602220103,0.646553658467462,0.981290815042643,0.97356200890539,0.945809554328182
00980N.png,1.20114250706849,1.82519558054802,3.36914974943546,0.650123998448331,0.989541908676522,0.985292714380648,0.94830939859255
00984N.png,1.20916228018103,1.81138350863279,4.13389849741776,0.735752601228205,0.988384996471178,0.980563589429688,0.958155977040892
00988N.png,1.16599015280368,1.63317753336032,3.47385653438562,0.718607463736519,0.987153096000098,0.977564394353505,0.958127622819318
00992N.png,1.22696232524778,1.83856988023854,3.23364808655552,0.713557691121962,0.989345737565702,0.982281056631902,0.963989974177477
00996N.png,1.1641088962957,1.84642679102151,3.08147423307085,0.674649548714793,0.986648005767816,0.976619935993371,0.961571165536668
01000N.png,1.17085380617511,1.86993010674396,3.30918941431411,0.673367991909,0.98712291688907,0.980993418744338,0.970990570678226
01004N.png,1.07057289420348,1.74272196138725,3.13718022827657,0.607674067276093,0.98383312635274,0.975404160564089,0.972362878388297
01008N.png,1.12992966175419,1.8826170866239,3.8622120017937,0.655740634919629,0.976300071288145,0.966104306393409,0.967840963334502
01012N.png,1.16120659356803,1.86476500768491,3.40792790404063,0.711784811586401,0.987881669236278,0.97955044215059,0.964748940053533
01016N.png,1.19483532096545,1.83090582217916,3.82542336281384,0.699491078869964,0.984873417621483,0.978828627322223,0.95581283885261
01020N.png,1.20424941519039,1.87281436480143,4.91931201072059,0.704327203209872,0.984129143977266,0.982429560823024,0.949108041415023
01024N.png,1.31639970376307,1.87331184167372,4.89893774328223,0.726103922737712,0.987451333690995,0.982795074732106,0.949981773732469
01028N.png,1.1449939233424,1.79073468124074,4.73806965996189,0.763353764257061,0.989447888065868,0.98192402990383,0.96426455254854
01033N.png,1.26381750660344,1.84255198686925,4.95010367376111,0.764013553780011,0.987304856013024,0.978001890695052,0.953760379672477
01037N.png,1.07364716108932,1.81872769702507,3.7761045376337,0.652538651224381,0.980415150747946,0.972531790421433,0.956170992857246
01041N.png,1.06027216973689,1.66691355475596,3.8292498742064,0.653533185406879,0.976868488480182,0.967656780562207,0.947509437347771
01045N.png,1.01769886661317,1.76668533243271,2.93031815069199,0.665414556873891,0.974367456834272,0.959482069557914,0.94440953861503
01049N.png,1.10117031392106,1.88327857591849,2.98518806087799,0.67629124693364,0.981360545534526,0.973711880909354,0.946034393232031
01053N.png,1.05882382236283,1.80711234386655,3.51934720585893,0.648312459508485,0.975889835416045,0.965159815930009,0.948069688991176
01057N.png,1.07491341327911,1.69034464820711,2.89078903204374,0.675483604451086,0.979168525100755,0.966229561881899,0.940922549181606
01061N.png,1.06851758114897,1.73803450682164,3.80359594017351,0.666835436127611,0.978439861198998,0.968344511111224,0.937588896262675
01066N.png,1.08842721535827,1.70788192357663,3.44880842990088,0.660293059626164,0.979047424061903,0.965808689503679,0.947552734720984
01070N.png,1.04686108369562,1.73700387190239,3.21766647068716,0.656075156107009,0.971719278899507,0.960875125813635,0.936546212056568
01074N.png,1.24350678273897,1.79389473138423,4.52193988577419,0.712970841526265,0.98239756174066,0.975392496897284,0.937808466420318
01078N.png,1.21944535553561,1.87520544808101,4.81346475016919,0.703758618844281,0.984349200672309,0.979449929964759,0.939415477825018
01082N.png,1.22399632008478,1.87350780443681,4.14145504876957,0.653973789160728,0.979826079705745,0.969214644254279,0.932555763793461
01086N.png,1.19666639236258,1.90725815697945,4.46261661246874,0.716625530569582,0.980287547514273,0.971464689769022,0.939022137889661
01090N.png,1.05567888540186,1.87323932581163,4.30218415111351,0.702255935250718,0.973897533322032,0.96984563281491,0.933838269947084
01094N.png,1.05786281896876,1.67284549430896,4.09785542557459,0.696051969721272,0.970654794996217,0.961844314623593,0.936473304675667
01098N.png,1.15534364304921,1.74820625693282,5.08520427343986,0.735951962079985,0.981801637983162,0.974043192100082,0.937734646305414
01102N.png,1.12502306015049,1.7367532218232,4.01237332997375,0.716307924128147,0.981655608192131,0.970041365973479,0.94681464961224
01106N.png,1.18565302703975,1.64897555370028,3.69952098250731,0.734222245658551,0.987132131609015,0.982232293418913,0.94656890497472
01110N.png,1.22562668839069,1.54897397402246,4.9595143367416,0.746575718454606,0.985443923822101,0.984575028206853,0.945031095370501
01114N.png,1.21285687626266,1.77177141016518,5.09126323694121,0.762122873392753,0.985232538324616,0.982718618522053,0.936439451072003
01118N.png,1.28237061314497,1.78098109403804,3.89021799458452,0.724965670856134,0.985838687328754,0.978516955349295,0.933885758666999
01122N.png,1.25395348385049,1.78674531834027,4.09719578928771,0.733596088751234,0.986935240783217,0.978127757182966,0.951680918412489
01126N.png,1.09883585799025,1.44102689470536,4.09144089663902,0.689951747508593,0.980075938004317,0.973818622142641,0.927035737556608
01130N.png,1.11573601250898,1.68245941202337,5.08770730385822,0.735440142074058,0.983120265041552,0.978405952874511,0.946099044473678
01135N.png,1.19356196541407,1.77007870405006,5.13347814760192,0.727237145715379,0.989817795433167,0.983691448701786,0.941543103255942
01139N.png,1.20107430571807,1.85817752539167,4.47772847836795,0.727997820199567,0.989394719689096,0.986774432200403,0.952770200181155
01144N.png,1.25211975696669,1.70072656719241,4.93653136698508,0.769419489666244,0.98840714710258,0.982311180417318,0.953328412771464
01148N.png,1.1561796331657,1.69262199610801,5.04023625369732,0.713028752858261,0.980319363312984,0.97496571876153,0.943682247784704
01152N.png,1.08368899571819,1.49944142043263,5.29096770104274,0.721861948349723,0.980587989368568,0.975429654972609,0.947188113706559
01158N.png,0.94692512572667,1.60674683176828,4.84752034558517,0.657715193330766,0.967147636035447,0.953522521456992,0.937888190706723
01162N.png,1.03308732532774,1.48124669224445,5.29917271220284,0.748064402081731,0.978077346715369,0.970161957499441,0.950681969437586
01166N.png,1.12356195187411,1.87015859476803,4.16968131973056,0.715528294539486,0.980973047376613,0.973184992358258,0.946623965723409
01170N.png,1.07823204531164,1.76856065936567,3.66800230340009,0.685897339956641,0.983827125235846,0.973491798227585,0.940378762588351
01174N.png,1.11051864706766,1.77008527419498,4.01565580293233,0.677722656215866,0.976604474560939,0.968075891104512,0.923849757791389
01178N.png,1.04368837742998,1.6845216610625,6.39056949656605,0.783421290505842,0.988169452195271,0.984774787196907,0.942323056657679
01182N.png,1.15667511435126,1.65939160985453,4.14658420680086,0.721460960628008,0.985656419277205,0.981984690428454,0.945090883835479
01186N.png,1.22383725723658,1.78531338558506,5.18923881690415,0.724883285254138,0.984284887364468,0.977391490943124,0.922310938255653
01190N.png,1.29036630922802,1.8806527618041,5.2619216835625,0.743494176792793,0.989364617004659,0.986187011696352,0.944352912110015
01194N.png,1.2386623594322,1.80420580018683,4.40045510239233,0.678135401841312,0.980261633796682,0.970706043323299,0.920368115096964
01198N.png,1.31523061824292,1.87256061533366,3.83333250470673,0.739243072130158,0.9879800098231,0.981060775233604,0.936094751268999
01202N.png,1.30289889453555,1.86137201312179,3.79265249991562,0.716056360814852,0.98862302713045,0.983589950763258,0.929487240287172
01206N.png,1.32844544690489,1.83127675662574,4.19606283909334,0.763937944040137,0.990455274745187,0.984755730549447,0.942094543774382
01210N.png,1.2851206960401,1.72461541746959,4.18676820428373,0.787512415313319,0.991346302285641,0.986474840168227,0.934041344420331
01214N.png,1.24167463788978,1.84462646776972,4.15717310827162,0.735747536049267,0.984600184893581,0.977614777904853,0.931786070015168
01218N.png,1.25900050872156,1.69428692465154,3.64185619190838,0.66803361477374,0.98937703694033,0.986217178322461,0.943615183049885
01222N.png,1.19453367220399,1.6884721766061,3.32586074942752,0.623298511655918,0.983629355905121,0.966624241523434,0.898857328098106
01226N.png,1.14573763046158,1.81329241061739,4.69540496373736,0.740314557115024,0.990942505928274,0.989010527770387,0.951870736638596
01230N.png,1.13065795683866,1.68694932937022,6.03844846361798,0.763152142605597,0.990739471413815,0.989319477517685,0.951492725822569
01234N.png,1.20314253226243,1.82115146269859,5.2315856128709,0.761818714813262,0.992012998013937,0.990342709631833,0.953624774206284
01238N.png,1.26015609440308,1.72508894189003,4.08132534524354,0.711781566035204,0.990647153917839,0.984955178359735,0.955476108904341
01242N.png,1.25659084361489,1.83379562031585,4.93057236700798,0.7086776309136,0.987443674479507,0.986787910732785,0.955388386592957
01246N.png,1.19461220076689,1.62026072534056,3.80366141177757,0.724005627134062,0.989166084656938,0.984091693688136,0.945949792818655
01250N.png,1.23091961210163,1.78129953900676,5.31816594312792,0.736559831576364,0.986079579750302,0.979003036559112,0.937772598537034
01254N.png,1.29487513410123,1.8173103986581,3.99539553649324,0.71630758124471,0.988290485491435,0.984589663269094,0.947629281771193
01258N.png,1.26891335952673,1.81540282886809,4.08554476637553,0.700037641534735,0.988066307761126,0.985801311516969,0.942106139943543
01262N.png,1.17187844464578,1.87116848456513,3.8292104451807,0.675403153356105,0.981758963506442,0.975840052975555,0.940169501737336
01266N.png,1.22658438916125,1.71387970492243,3.91574957542071,0.693945099589937,0.985317404014268,0.975588842239738,0.935159616832989
01270N.png,1.18950178962697,1.67600135065283,4.25267437124221,0.654827645854689,0.980487230166453,0.975623616877527,0.932706818642988
01274N.png,1.20095080414677,1.74474681387258,3.8651874447422,0.70904735479915,0.982037881232636,0.977108222060165,0.936275846515551
01278N.png,1.01090233726822,1.74611549872973,3.60687435913208,0.654949099343232,0.969932056633499,0.96642626620384,0.929975910819925
01282N.png,1.09901372904608,1.75111817033264,4.86279922280794,0.699653542321087,0.979633210832129,0.9711301614452,0.934077580497053
01286N.png,1.12586719285672,1.68652171566275,5.44173364668138,0.696742393541408,0.980856105952221,0.981234323899988,0.936283261134336
01290N.png,1.12346772176932,1.852953729568,4.92641276407388,0.718329960782332,0.982812549129208,0.977568152478388,0.938431995891217
01294N.png,1.10680646340282,1.78542828710646,5.02705206456402,0.664264791744427,0.973912599792738,0.970741897083003,0.949413210235852
01298N.png,1.17822375658322,1.86297142987507,3.99040224385258,0.687941963353593,0.98686355943333,0.979744890902737,0.95392709399486
01302N.png,1.16409666545305,1.87952643523345,4.03341956860056,0.686721911209719,0.983639211061711,0.97582739776075,0.944844006067737
01306N.png,1.18132044173863,1.75178846524478,4.4587019491441,0.701145157121352,0.98679885145857,0.982017292937776,0.943280703828804
01310N.png,1.12921993900234,1.64383352771555,3.94137793586827,0.662707334041462,0.983366126571459,0.977403465456116,0.942201313744708
01315N.png,1.12525516343288,1.8630110696946,4.3686946466555,0.700403738490252,0.986980133505499,0.983951200225016,0.952963080950168
01319N.png,1.23218499239646,1.49968887838484,5.14208735654961,0.696835068316683,0.990552111035509,0.987078813920427,0.933146095132856
01323N.png,1.07052763847183,1.63596169627753,4.03999607533632,0.645433542591892,0.976492966678895,0.964885393740238,0.940596813161383
01327N.png,1.01798317913657,1.69145275022583,2.97418111082046,0.648905523551498,0.975432329217211,0.964626095717471,0.916692045804076
01331N.png,1.15085403169968,1.63970548034121,5.71653223395483,0.722507311018886,0.987291705601084,0.984300466414568,0.935486473355449
01335N.png,1.05338530457056,1.7821393974629,3.85750918189362,0.70047923680291,0.97963033130404,0.97358091602557,0.918576909730825
01340N.png,1.13492389345664,1.79458235526214,3.84725143527053,0.716120441797163,0.983105961042673,0.975695528381992,0.928986081610997
01344N.png,1.15128690581078,1.75950339007147,4.34210986344021,0.722942093169348,0.985659174087035,0.978304093473965,0.937212604398408
01348N.png,1.15140987797034,1.80972907729887,4.48584537500105,0.728896020853845,0.985253606080847,0.979446930652684,0.937672554472669
01352N.png,1.21159054071475,1.89284079599181,4.35775367963277,0.723586988183309,0.976398687476704,0.973129370208211,0.936664221867696
01356N.png,1.29512799581356,1.91324657240679,3.84454494501234,0.736592886866471,0.988713174826087,0.985192581720988,0.957241582892528
01360N.png,1.19570021561579,1.84628546172361,3.3427149215583,0.682917679450694,0.986905107229031,0.980957694548751,0.952345923361907
01364N.png,1.16594600358644,1.8764668879705,3.8546204532993,0.667625643215533,0.979656263267493,0.977692406044758,0.92947849157789
01368N.png,1.25829039450311,1.89935365907383,4.83051059369428,0.671143302677298,0.978250190271534,0.978831652945059,0.933583734681137
01372N.png,1.30484146398435,1.86175656404444,3.94683762366783,0.697012331411808,0.987169699786343,0.980131934259707,0.936344252687061
01376N.png,1.09813447954695,1.88735181068988,4.06375462541668,0.676758002911075,0.978477069399785,0.975656442317396,0.940366709431315
01380D.png,0.979076191098555,1.59824581642496,6.83091085900853,0.78616358074655,0.972457279294783,0.965418530694485,0.911573203419631
01384D.png,1.00192358753319,1.33110968881994,7.08494074178678,0.799739971045392,0.978610628757571,0.97366018852911,0.905261301936229
01388D.png,1.017850005863,1.34496653154345,7.08953817007938,0.795315778281857,0.98168489567371,0.981261431027777,0.917509905335099
01392D.png,1.0352271971165,1.32056794546573,7.42103984830391,0.811214380495041,0.991249946316298,0.989843986327869,0.927726688583128
01396D.png,1.06296865200695,1.75789591893392,7.15078049940106,0.801676177759637,0.988850654931841,0.98940493321857,0.927027651927178
01401D.png,1.00284598038684,1.46290426360253,7.05543360262635,0.803970704512997,0.988999026766652,0.99028696750799,0.903206745605438
01405D.png,0.945071986262575,1.60929939276649,4.9900713114383,0.700024145237234,0.9624401313355,0.951422599443982,0.932833942415813
01409D.png,0.952800549008493,1.57114355922548,5.38958012998922,0.728894572331107,0.970932154692656,0.960485467812998,0.924461883019057
01413D.png,1.02944504445979,1.47553278148141,7.27576477973786,0.801999058447787,0.98751602978993,0.989498272542777,0.919946886877903
01417D.png,0.992379064978362,1.37490100506166,7.12497869794751,0.760438703344008,0.973995140087806,0.970421172531659,0.891675126932919
01423D.png,1.04296352307531,1.52953957712765,7.05780314714639,0.753880638199151,0.984947914673663,0.987240515922275,0.917264262998027
01427D.png,1.03445145593448,1.33076047038651,7.21507814829944,0.790571248356806,0.982544690060846,0.978003103132419,0.910806900639745
01431D.png,1.02434089022572,1.48284125600954,6.77299656291248,0.778134415463955,0.977392482921935,0.976632345364719,0.91339008560015
01435D.png,1.02114048990603,1.4705541883298,5.37016400618467,0.697127833140432,0.969337102114174,0.956704347403972,0.910773540430883
01441D.png,1.00165475391912,1.79179180238112,6.95866162241694,0.793986459777046,0.989549635588748,0.985930568880019,0.919922761741977
01445D.png,1.06194210431231,1.53656384831056,7.25038379044831,0.853334005385076,0.992618027183874,0.990268021351759,0.916558240718944
01449D.png,1.04812536478932,1.51149391158976,7.30609388427146,0.881840291112327,0.993090961515917,0.994103630236372,0.900811966158358
01453D.png,1.04293009795288,1.42937107825778,7.30431258914107,0.819354354826255,0.99040215568487,0.992221794673466,0.901014272205624
01458D.png,1.01501630404499,1.46055720640982,7.25480447660059,0.850612790819528,0.992627814693768,0.993497161638299,0.880693358638811
01462D.png,1.01180728477832,1.79564332925248,6.16121265270214,0.762461486179572,0.982860659533468,0.977711644852553,0.934341555134315
01466D.png,0.991614913927535,1.5965795573798,7.17235834068969,0.799269241822098,0.982045169550026,0.972906880281682,0.918004692573609
01470D.png,1.01173465228366,1.3588138824001,7.10695411681787,0.806100746145102,0.990307119625822,0.992109419554991,0.902888731930551
01474D.png,1.01512502803452,1.49884919861031,7.40091703759657,0.78667560747368,0.987606884174281,0.988859303220979,0.926161082504658
01478D.png,1.0046387828068,1.58060280297332,7.48644598326072,0.787779403847912,0.988920594005091,0.988038471737117,0.924205909318906
01482D.png,0.980024426309294,1.65025225686083,7.23875808438791,0.803191762530513,0.98840909693925,0.984872690124905,0.913496403436292
01486D.png,0.994248838535438,1.74646000115609,6.45454683258636,0.794899614849443,0.986906884858385,0.979979123164145,0.909457197256909
01493D.png,1.05662343658745,1.66828976281278,6.87381034554098,0.792480439948706,0.991717745342678,0.990970203829448,0.909943329643511
01498D.png,1.03540189911983,1.40337870730589,7.09623173405089,0.818122687312606,0.990685168590191,0.991734240196593,0.919646104524935
01502D.png,0.945068700896775,1.69945181795754,5.84440093981495,0.717434697640159,0.970423657697226,0.962916172780477,0.914980980424955
01506D.png,0.977116813463361,1.80686378932479,7.01784334960781,0.736464702928402,0.978658351968075,0.972247504194512,0.934367868728039
01510D.png,0.999197107482683,1.6338929103867,7.40550820136965,0.773899552564853,0.990071026485208,0.98942791014647,0.914211397868313
01514D.png,1.00438716101868,1.54242733115666,7.13153739261005,0.797078010495105,0.990972729303803,0.99071605868404,0.909809619543892
01520D.png,1.03158208905075,1.38789132714987,7.07061800569103,0.78055607465943,0.988530123903455,0.989533880307715,0.917952319006631
01527D.png,1.08278796478517,1.79333383604703,7.39958119788061,0.839242170496582,0.991651217044173,0.992931515070308,0.924888964340023
01531D.png,1.05028113061133,1.63490836856054,7.25855328466573,0.814900804687564,0.991802745165136,0.991800147752081,0.920121581288465
01535D.png,1.02285645912077,1.59584803287181,7.03003049129486,0.812424720706966,0.992485111362144,0.992637341927768,0.924025117951944
01539D.png,1.03202722970688,1.61261031293341,6.73177073514067,0.747867502905128,0.986629000862767,0.99100281617362,0.919294774560905
01543D.png,1.05102435683915,1.6442875188514,7.28764194613214,0.805273242746331,0.992931405663122,0.994791392535592,0.923769369433217
01547D.png,1.05221574139427,1.23272691585332,7.44592041557101,0.810564566051099,0.990860468814533,0.993101041521851,0.912806057209885
01551D.png,1.11200384465613,1.15390441142165,7.30454579473901,0.855873138931765,0.997350919369393,0.999029536110555,0.916485836659656
01555D.png,1.0375893606555,1.30782342471411,7.26410285322012,0.825161643405376,0.991013762010095,0.991620343759837,0.898743689209861
01559D.png,1.11361220002524,1.8485246221495,6.73805174755246,0.796605086291972,0.978768338114628,0.964077609291874,0.90623318984987
01566D.png,1.01914467800498,1.57020597172589,6.82447845551972,0.792924462008736,0.986585632560471,0.98709894817228,0.88824692636263
01570D.png,1.02370061458632,1.32301951256668,7.38469187836785,0.795838501072376,0.98889999690069,0.990652658999769,0.895287101746643
01574D.png,1.01591123778546,1.54172453819701,5.03244947605966,0.75100437628171,0.978438009687817,0.968611467385898,0.892854187752576
01578D.png,1.0492601914464,1.22409235371389,7.58046878065246,0.831583020441707,0.989960427895445,0.993674948132666,0.915285258099892
01583D.png,0.975399191273355,1.57199916557701,7.08601115216854,0.76118693122765,0.986297845427406,0.985251927864773,0.920194611970576
01587D.png,1.00220843275235,1.51342406878218,6.96314476312707,0.781884110783175,0.98469604694654,0.985581152492557,0.914943881136346
01591D.png,0.969420792056047,1.59340835899195,6.57770838560369,0.780137834374839,0.977533193749643,0.978833375777706,0.913260001382663
01595D.png,0.943412105285455,1.41684547226682,6.0600068004273,0.735414217241243,0.970046656193798,0.962409241618669,0.919076603912499
01599D.png,0.941462665570046,1.7653691693582,4.19553874200212,0.704510684728031,0.972353828785268,0.965188599796218,0.923567294697339
01603D.png,1.02977850793064,1.47403062185342,6.27315956161377,0.715501934468803,0.978071449102693,0.979650717806229,0.93089962039273
