name,seconds,fps
00004N.png,1.3622604357078671,0.7340740241643832
00008N.png,0.10948994942009449,9.13325839765592
00012N.png,0.10958220157772303,9.12556953229976
00016N.png,0.10957090277224779,9.126510548868826
00020N.png,0.10949971992522478,9.132443449927365
00024N.png,0.1096064830198884,9.123547918406864
00028N.png,0.10938682314008474,9.141868931684428
00032N.png,0.10940930247306824,9.139990635130465
00036N.png,0.1095046903938055,9.132028924092262
00040N.png,0.10947222355753183,9.134737264877623
00047N.png,0.10892961826175451,9.180239644253879
00051N.png,0.10892413184046745,9.180702045572609
00055D.png,0.1090996190905571,9.165934843181804
00081D.png,0.10911731608211994,9.164448282868468
00085D.png,0.1089246952906251,9.180654555258304
00091D.png,0.10907910577952862,9.167658580014455
00095D.png,0.10892773885279894,9.180398037559232
00099D.png,0.10907373670488596,9.168109851280128
00103D.png,0.10880060587078333,9.191125288287886
00107D.png,0.10897747706621885,9.17620802867699
00111D.png,0.10891997441649437,9.18105246863301
00115D.png,0.10901620704680681,9.1729480146988
00119D.png,0.10890475194901228,9.182335776020008
00123D.png,0.10891211219131947,9.181715236991815
00127D.png,0.10900437645614147,9.173943583837257
00131D.png,0.10893573425710201,9.17972423667586
00135D.png,0.10893767327070236,9.179560844071556
00139D.png,0.10903117153793573,9.1716890307105
00143D.png,0.10887680854648352,9.184692436801756
00147D.png,0.10879187751561403,9.191862690819708
00151D.png,0.10888966359198093,9.18360813150353
00158D.png,0.10896501876413822,9.177257172456091
00162D.png,0.1089575570076704,9.177885659914365
00169D.png,0.10887650586664677,9.184717970512498
00174D.png,0.11066220235079527,9.036509112931219
00178D.png,0.10892375092953444,9.180734150873354
00182D.png,0.10888819023966789,9.183732393742188
00186D.png,0.10903716180473566,9.171185157871271
00191D.png,0.10894965380430222,9.178551423359474
00196D.png,0.10912039037793875,9.164190088914616
00200D.png,0.10881377477198839,9.190012956497737
00204D.png,0.10885003674775362,9.186951423060842
00209D.png,0.10881089139729738,9.190256482218633
00213D.png,0.10918484441936016,9.158780280522931
00218D.png,0.10885710828006268,9.186354623964885
00225D.png,0.10884362645447254,9.187492484167487
00229D.png,0.10894367564469576,9.179055085871687
00233D.png,0.10885190684348345,9.18679358954993
00237D.png,0.10694442596286535,9.350650966579906
00241D.png,0.10698318388313055,9.347263408167114
00245D.png,0.10677811037749052,9.365215365440726
00258D.png,0.10698970966041088,9.346693277082771
00262D.png,0.10689516179263592,9.354960348344697
00266D.png,0.10706305969506502,9.340289758654208
00270D.png,0.10705591365695,9.340913227870814
00275D.png,0.10708688385784626,9.338211776966652
00279D.png,0.10701790452003479,9.344230804040741
00283D.png,0.10735895577818155,9.31454663238471
00287D.png,0.10783833544701338,9.273140167221445
00291D.png,0.1072259172797203,9.326103477308564
00298D.png,0.10728343389928341,9.321103581926636
00303D.png,0.1075584003701806,9.297274750817502
00307D.png,0.10752289742231369,9.300344614713433
00311D.png,0.10758705716580153,9.294798336745174
00315D.png,0.11088933236896992,9.018000006282202
00319D.png,0.10761360544711351,9.292505309576752
00323D.png,0.10777632519602776,9.27847556669947
00327D.png,0.1076818285509944,9.286617932258038
00332D.png,0.10757504682987928,9.295836064858184
00337D.png,0.10770389530807734,9.284715256951381
00341D.png,0.1078357407823205,9.27336329073513
00345D.png,0.10782216861844063,9.274530579502477
00349D.png,0.10780004505068064,9.276433971153393
00353D.png,0.10789403691887856,9.268352807596422
00357D.png,0.10853338986635208,9.213754414483866
00361D.png,0.10839246027171612,9.225733943977463
00367D.png,0.10847074631601572,9.219075501579267
00371D.png,0.1082360865548253,9.239062791626946
00375D.png,0.10843905247747898,9.221769991098766
00379D.png,0.1084468625485897,9.221105862347555
00383D.png,0.1088725533336401,9.185051414524086
00388D.png,0.10858680121600628,9.209222380634918
00392D.png,0.10868650022894144,9.200774685849312
00396D.png,0.10855023562908173,9.212324544527196
00400D.png,0.10858072061091661,9.209738104275031
00404D.png,0.10865004360675812,9.20386192958508
00408D.png,0.1085900254547596,9.208948941784865
00412D.png,0.108725531026721,9.19747174887777
00416D.png,0.10874189250171185,9.196087882912813
00420D.png,0.10860463976860046,9.207709745464465
00427D.png,0.10875625908374786,9.194873089832457
00431D.png,0.10867139883339405,9.202053260887133
00435D.png,0.108739766292274,9.196267695777182
00440D.png,0.10854188445955515,9.213033337122683
00444D.png,0.10869823209941387,9.199781640288446
00448D.png,0.10889285244047642,9.183339196175664
00453D.png,0.1088540218770504,9.18661509015708
00457D.png,0.10876309219747782,9.19429541580457
00462D.png,0.10888756718486547,9.183784943071005
00466D.png,0.10905117727816105,9.170006458978992
00481D.png,0.10875849984586239,9.194683646954
00486D.png,0.10957754403352737,9.125957410525926
00491D.png,0.10886628367006779,9.185580386215983
00496D.png,0.10888196993619204,9.184257049959959
00500D.png,0.1089690113440156,9.176920921517734
00504D.png,0.10895569901913404,9.17804216761885
00508D.png,0.1089440155774355,9.1790264449103
00512D.png,0.10887495055794716,9.18484917674212
00516D.png,0.10888201463967562,9.184253279196849
00521D.png,0.10886367410421371,9.18580057331809
00526D.png,0.10895596910268068,9.178019416793903
00533D.png,0.10889936704188585,9.182789828478718
00537D.png,0.10894977394491434,9.178541302027906
00546D.png,0.10919302143156528,9.15809441747824
00551D.png,0.10898320190608501,9.175726006488029
00555D.png,0.10893857479095459,9.179484878693605
00559D.png,0.10901922453194857,9.172694121548677
00563D.png,0.10903226118534803,9.17159737061733
00567D.png,0.10895295906811953,9.178272977191748
00571D.png,0.1090582087635994,9.16941522639213
00581D.png,0.10905633587390184,9.169572698245302
00587D.png,0.10899114981293678,9.17505688963109
00591D.png,0.1090179430320859,9.172801946058389
00596D.png,0.10906033776700497,9.16923622716433
00600D.png,0.10899095050990582,9.17507366732354
00606D.png,0.10903213545680046,9.171607946688425
00613D.png,0.10897612292319536,9.176322052719604
00621D.png,0.10908162873238325,9.16744654091444
00626D.png,0.10913245379924774,9.163177086071284
00630D.png,0.10911358892917633,9.164761326374133
00634D.png,0.10910785663872957,9.16524282308222
00638D.png,0.10913768410682678,9.162737950543042
00642D.png,0.10912374965846539,9.163907977225781
00646D.png,0.10911737568676472,9.164443276849207
00650D.png,0.10920848790556192,9.156797417291871
00655D.png,0.1092041414231062,9.157161871046155
00659D.png,0.10907554440200329,9.167957909194115
00671D.png,0.10909092053771019,9.16666570481751
00676D.png,0.10928802564740181,9.150133274676591
00681N.png,0.10911554004997015,9.164597449108015
00686N.png,0.10914369486272335,9.162233340714375
00690N.png,0.10922901891171932,9.155076278843229
00695N.png,0.10914060845971107,9.162492440832846
00702N.png,0.10914326645433903,9.162269304248449
00706N.png,0.10914769675582647,9.161897408033198
00710N.png,0.10912244115024805,9.16401786341202
00714N.png,0.1090370761230588,9.171192364617372
00718N.png,0.1091928081586957,9.158112304856626
00722N.png,0.11133290268480778,8.982070671696029
00726N.png,0.10932424571365118,9.147101756542293
00730N.png,0.10934905707836151,9.145026273828607
00734N.png,0.1090312572196126,9.171681823183816
00738N.png,0.10925059299916029,9.153268394686755
00742N.png,0.109103973954916,9.165568986636734
00746N.png,0.10913503356277943,9.162960484405355
00750N.png,0.1091840984299779,9.15884285696897
00754N.png,0.10919857863336802,9.157628354829411
00758N.png,0.10930780787020922,9.148477309026159
00762N.png,0.10919070336967707,9.158288839063438
00766N.png,0.10915555525571108,9.161237810181717
00770N.png,0.10932078585028648,9.147391250640002
00774N.png,0.10929709859192371,9.149373706008816
00778N.png,0.1092264698818326,9.155289931843964
00782N.png,0.10937110427767038,9.14318280504153
00786N.png,0.10921318829059601,9.156403321356994
00790N.png,0.10926276817917824,9.152248443496473
00794N.png,0.1092638187110424,9.152160447957492
00798N.png,0.10918491519987583,9.158774343226648
00802N.png,0.10920654237270355,9.15696054717279
00806N.png,0.10908261965960264,9.167363262090205
00810N.png,0.10924961883574724,9.153350013087579
00815N.png,0.10926487296819687,9.152072142078676
00819N.png,0.10919812228530645,9.15766662532217
00823N.png,0.10933641530573368,9.146083646548446
00828N.png,0.10921250190585852,9.15646086802409
00832N.png,0.1093409201130271,9.145706831132273
00838N.png,0.10925893019884825,9.152569938036438
00842N.png,0.10919908620417118,9.157585789044836
00846N.png,0.10913420282304287,9.163030233715672
00850N.png,0.11047926917672157,9.05147189560432
00854N.png,0.11108154058456421,9.002395850269284
00858N.png,0.11111223138868809,8.999909258431167
00862N.png,0.11104949377477169,9.004993773570725
00866N.png,0.1108994297683239,9.017178916871483
00870N.png,0.11079213302582502,9.025911612035717
00874N.png,0.1108408272266388,9.021946380418806
00878N.png,0.1108267605304718,9.02309149174355
00882N.png,0.11083719786256552,9.022241804055414
00886N.png,0.11056744493544102,9.0442534923719
00890N.png,0.1106171291321516,9.040191223958852
00894N.png,0.11063981894403696,9.038337278062727
00898N.png,0.11061815451830626,9.040107424993332
00902N.png,0.11042622290551662,9.055820018906418
00906N.png,0.11043566558510065,9.055045711019957
00910N.png,0.11050644051283598,9.049246318669038
00914N.png,0.11052107904106379,9.048047745068187
00918N.png,0.1102821808308363,9.067648032223056
00922N.png,0.11038125772029161,9.059509020399284
00927N.png,0.1103510269895196,9.061990878390043
00931N.png,0.11038044467568398,9.059575751286069
00935N.png,0.11028640158474445,9.067301005660218
00939N.png,0.11044676974415779,9.054135329774063
00943N.png,0.11019281018525362,9.075002246687628
00947N.png,0.1100881826132536,9.083627109306184
00951N.png,0.11010269448161125,9.082429859761648
00955N.png,0.11016501113772392,9.077292233464577
00959N.png,0.1101651918143034,9.077277346238542
00964N.png,0.11008508782833815,9.083882474248975
00968N.png,0.11011226288974285,9.081640625270918
00972N.png,0.10999285988509655,9.091499221355319
00976N.png,0.10982339736074209,9.105527820408367
00980N.png,0.11012318264693022,9.080740094536996
00984N.png,0.11007616762071848,9.084618601963214
00988N.png,0.10996080003678799,9.094149912200026
00992N.png,0.1101846843957901,9.075671500840707
00996N.png,0.10999267268925905,9.091514694120633
01000N.png,0.10981717519462109,9.106043733393905
01004N.png,0.10993044637143612,9.096660961615417
01008N.png,0.10986454784870148,9.102117285160423
01012N.png,0.11007827706634998,9.084444512128831
01016N.png,0.10989657510071993,9.099464647406005
01020N.png,0.1098850192502141,9.100421575419178
01024N.png,0.10988029930740595,9.100812486889538
01028N.png,0.10980389639735222,9.107144944850187
01033N.png,0.10990417189896107,9.098835674039169
01037N.png,0.10991757828742266,9.097725910455445
01041N.png,0.10981972794979811,9.105832063772095
01045N.png,0.10976913757622242,9.11002875745117
01049N.png,0.10971974488347769,9.114129831982378
01053N.png,0.10981420055031776,9.106290397677592
01057N.png,0.10996639635413885,9.093687100371755
01061N.png,0.10987310018390417,9.101408791835427
01066N.png,0.11044616904109716,9.054184574096896
01070N.png,0.10978045780211687,9.109089359078235
01074N.png,0.10979935806244612,9.107521370309566
01078N.png,0.10979640204459429,9.107766569562504
01082N.png,0.10985404439270496,9.102987564346849
01086N.png,0.11010572034865618,9.082180261238397
01090N.png,0.10962637793272734,9.121892183774
01094N.png,0.10972458589822054,9.113727719397277
01098N.png,0.10972414631396532,9.113764231426272
01102N.png,0.10954780969768763,9.128434450306571
01106N.png,0.10964158456772566,9.120627031637795
01110N.png,0.1097612977027893,9.110679455592729
01114N.png,0.10958109516650438,9.125661670752034
01118N.png,0.10963477566838264,9.121193470808441
01122N.png,0.10965312179178,9.11966739897198
01126N.png,0.10962188802659512,9.122265799302712
01130N.png,0.10979771334677935,9.107657796493925
01135N.png,0.10983618535101414,9.104467683434226
01139N.png,0.10970791894942522,9.11511228702638
01144N.png,0.10960199870169163,9.123921204409257
01148N.png,0.10962443146854639,9.122054149826278
01152N.png,0.10960790514945984,9.1234295431193
01158N.png,0.10944424849003553,9.137072197001253
01162N.png,0.10946715716272593,9.135160041778308
01166N.png,0.10968728922307491,9.116826635821628
01170N.png,0.10956472810357809,9.127024885733666
01174N.png,0.10960940830409527,9.12330442680291
01178N.png,0.10955817438662052,9.127570859944177
01182N.png,0.10961000248789787,9.12325497037016
01186N.png,0.10960055701434612,9.124041220603518
01190N.png,0.10974060464650393,9.11239739585176
01194N.png,0.10944989789277315,9.136600574809936
01198N.png,0.10959628131240606,9.12439717867327
01202N.png,0.10949878301471472,9.132521590359753
01206N.png,0.10954919643700123,9.128318897118271
01210N.png,0.10962381772696972,9.122105220697668
01214N.png,0.1095032300800085,9.132150707055402
01218N.png,0.10956044588238001,9.127381619764149
01222N.png,0.10940338857471943,9.140484705526541
01226N.png,0.10955790802836418,9.127593050983625
01230N.png,0.11167081631720066,8.954891107444784
01234N.png,0.10955692455172539,9.127674988064014
01238N.png,0.10977120697498322,9.10985701585571
01242N.png,0.10956892371177673,9.126675394115582
01246N.png,0.10947143100202084,9.134803398902678
01250N.png,0.10943233501166105,9.138066914988523
01254N.png,0.10949244722723961,9.133050044306794
01258N.png,0.10959679633378983,9.124354300963173
01262N.png,0.10946890711784363,9.135014008347564
01266N.png,0.10949642211198807,9.132718500858818
01270N.png,0.10941044427454472,9.139895250682741
01274N.png,0.10949951782822609,9.132460305156032
01278N.png,0.1095119807869196,9.131420989870751
01282N.png,0.10947444383054972,9.134552001450242
01286N.png,0.10948117543011904,9.13399035104708
01290N.png,0.1097155911847949,9.114474881839643
01294N.png,0.10944638308137655,9.1368939917957
01298N.png,0.1094412337988615,9.137323888707867
01302N.png,0.10938880313187838,9.141703459305674
01306N.png,0.10944446735084057,9.13705392520529
01310N.png,0.10944318771362305,9.137160757932895
01315N.png,0.10950659494847059,9.131870098513792
01319N.png,0.10942729748785496,9.138487589086145
01323N.png,0.10944031272083521,9.137400790793066
01327N.png,0.10954117123037577,9.128987656128876
01331N.png,0.10952497273683548,9.130337812571577
01335N.png,0.10956642869859934,9.126883223974094
01340N.png,0.10969104990363121,9.116514071827623
01344N.png,0.10941963363438845,9.139127657302991
01348N.png,0.1094434829428792,9.137136109985832
01352N.png,0.10943698324263096,9.137678784354977
01356N.png,0.10941847693175077,9.13922427035559
01360N.png,0.10942105576395988,9.13900887738803
01364N.png,0.10942344646900892,9.138809206518838
01368N.png,0.10947919357568026,9.134155699719551
01372N.png,0.10951289162039757,9.131345042611795
01376N.png,0.10952237527817488,9.130554349831339
01380D.png,0.10955900326371193,9.127501804602666
01384D.png,0.10958796832710505,9.125089325637804
01388D.png,0.10959883779287338,9.124184344818158
01392D.png,0.10951134003698826,9.131474417738316
01396D.png,0.10950353275984526,9.132125464784075
01401D.png,0.10948427300900221,9.13373192803478
01405D.png,0.10945032723248005,9.136564734757997
01409D.png,0.10982416477054358,9.10546419441757
01413D.png,0.10956220980733633,9.127234671137854
01417D.png,0.10945500805974007,9.136174010916013
01423D.png,0.10944722965359688,9.136823318096074
01427D.png,0.10930431168526411,9.148769930315707
01431D.png,0.10935206897556782,9.144774391268507
01435D.png,0.10959965456277132,9.124116348626512
01441D.png,0.10965259931981564,9.119710852301585
01445D.png,0.10971955768764019,9.114145381873419
01449D.png,0.10964757855981588,9.12012844364339
01453D.png,0.1094938674941659,9.132931577682033
01458D.png,0.1095671895891428,9.126819842233973
01462D.png,0.10960329044610262,9.123813673201258
01466D.png,0.10957263130694628,9.126366575962713
01470D.png,0.10965476557612419,9.119530690216862
01474D.png,0.10965243354439735,9.119724639719085
01478D.png,0.10960715636610985,9.1234918699998
01482D.png,0.10981132462620735,9.106528888563666
01486D.png,0.10961305070668459,9.123001262649982
01493D.png,0.10966387949883938,9.118772786171434
01498D.png,0.10980502422899008,9.10705140335451
01502D.png,0.10953906644135714,9.129163069281407
01506D.png,0.10956135671585798,9.127305739682022
01510D.png,0.10953614581376314,9.129406485601857
01514D.png,0.10955321323126554,9.127984205164404
01520D.png,0.1095456350594759,9.128615662842863
01527D.png,0.10957967024296522,9.125780336651431
01531D.png,0.10958119202405214,9.125653604685269
01535D.png,0.10955020599067211,9.128234775616463
01539D.png,0.10962605103850365,9.12191938436944
01543D.png,0.10974058043211699,9.112399406512864
01547D.png,0.1095923688262701,9.1247229228637
01551D.png,0.10953103099018335,9.1298328059162
01555D.png,0.10972515121102333,9.113680764739168
01559D.png,0.1095848809927702,9.125346406736295
01566D.png,0.1095686862245202,9.126695175945365
01570D.png,0.10951915849000216,9.130822531760856
01574D.png,0.10950311087071896,9.132160648665181
01578D.png,0.10943199042230844,9.138095689760418
01583D.png,0.10955752991139889,9.127624553134027
01587D.png,0.10939294192939997,9.14135759001143
01591D.png,0.10946202371269464,9.135588454172046
01595D.png,0.10982775501906872,9.10516653851639
01599D.png,0.10946980398148298,9.134939167052421
01603D.png,0.10964444372802973,9.120389196195612
